biome_shortname,n,n_ese,min_ese_size
dxs,278,31,1621.71809911766
mfws,2346,252,1569.89435850432
tcf,3090,281,1554.79228758172
tgss,464,4,1620.54343339156
